{"cameraMode":{"drawMode":0,"name":"Shaded","section":"Shading Mode"},"sceneLighting":true,"audioPlay":false,"sceneViewState":{"showFog":false,"showMaterialUpdate":false,"showSkybox":false,"showFlares":false,"showImageEffects":false,"showParticleSystems":false,"showVisualEffectGraphs":true,"m_FxEnabled":true},"in2DMode":false,"pivot":{"x":246.42376708984376,"y":233.20770263671876,"z":-304.64508056640627},"rotation":{"x":0.007803706917911768,"y":0.016182510182261468,"z":-0.00014586157340090722,"w":0.9998785853385925},"size":3.780078649520874,"orthographic":false}